report_text,sif_binary
"Routine safety inspection completed. All equipment found in good condition. No hazards identified.",0
"Worker completed daily housekeeping. Area cleaned and organized. No safety issues.",0
"Safety walkthrough conducted. All PPE compliant. No observations.",0
"Routine maintenance performed on pump. Equipment functioning normally.",0
"Worker reported minor spill. Cleaned immediately using proper procedure.",0
"Monthly safety meeting conducted. All staff attended. No action items.",0
"Fire extinguisher inspection completed. All units fully charged and accessible.",0
"First aid kit restocked. All items within expiry date.",0
"Emergency exit signs checked. All illuminated and visible.",0
"Safety data sheets reviewed and updated. All chemicals properly documented.",0
"Worker completed safety training refresher course. Score 95%.",0
"Routine equipment inspection completed. No defects found.",0
"Work area cleared of debris. Housekeeping standards maintained.",0
"Safety bulletin board updated with new information. All notices current.",0
"Worker reported a minor trip hazard. Hazard removed immediately.",0
"Regular safety audit passed with no non-conformances.",0
"Worker completed job safety analysis before starting task. All controls in place.",0
"Safety glasses and hard hat worn correctly. No violations observed.",0
"Routine check of safety showers and eyewash stations. All functional.",0
"Worker reported a flickering light. Maintenance replaced bulb within 2 hours.",0
"Safety committee meeting held. Discussed upcoming training schedule.",0
"Worker completed PPE inspection. All equipment in good condition.",0
"Routine gas detector calibration completed. All detectors reading accurately.",0
"Worker reported a noisy bearing. Maintenance scheduled for next shift.",0
"Safety observation card submitted. No unsafe acts observed.",0
"Worker conducted pre-start safety check. Equipment ready for operation.",0
"Regular ladder inspection completed. All ladders in good condition.",0
"Worker reported a minor oil drip. Drip contained and cleaned.",0
"Safety briefing conducted before shift. All workers informed.",0
"Worker completed ergonomic assessment. Workstation adjusted correctly.",0
"Routine forklift inspection completed. All safety devices functional.",0
"Worker reported a broken broom. Replaced immediately.",0
"Safety permit reviewed and approved. Work authorized.",0
"Worker completed chemical handling training. Certificate renewed.",0
"Routine fire drill conducted. Evacuation time within target.",0
"Worker reported a cracked window. Replaced within 24 hours.",0
"Safety equipment inventory completed. All items accounted for.",0
"Worker completed noise monitoring. Exposure levels below limits.",0
"Routine vehicle inspection completed. All vehicles roadworthy.",0
"Worker reported a missing safety sign. Sign replaced within 1 hour.",0
"Safety data sheet binder updated. All SDS current.",0
"Worker completed lockout/tagout refresher training.",0
"Routine crane inspection completed. All components functional.",0
"Worker reported a slippery floor. Floor dried and sign placed.",0
"Safety committee recommendations implemented. Close-out confirmed.",0
"Worker completed first aid training. Certification renewed.",0
"Routine pressure gauge check completed. All readings normal.",0
"Worker reported a burned out light bulb. Replaced immediately.",0
"Safety inspection of scaffold completed. Scaffold certified safe.",0
"Worker completed respiratory protection training. Fit test passed.",0
"Routine belt tension check completed. All belts properly tensioned.",0
"Worker reported a loose handrail. Tightened immediately.",0
"Safety observation program review completed. Program effective.",0
"Worker completed electrical safety training. Certificate issued.",0
"Routine fire extinguisher weight check. All within limits.",0
"Worker reported a leaking faucet. Repaired within 2 hours.",0
"Safety committee quarterly meeting held. Minutes documented.",0
"Worker completed confined space entry refresher training.",0
"Routine air quality monitoring completed. All readings normal.",0
"Worker reported a broken chair. Replaced immediately.",0
"Safety induction completed for new worker. All topics covered.",0
"Worker completed hazard communication training. Certificate issued.",0
"Routine heat exchanger inspection completed. No issues found.",0
"Worker reported a cracked floor tile. Replaced next day.",0
"Safety audit corrective actions closed out. Verification completed.",0
"Worker completed emergency response training. Scenario passed.",0
"Routine vessel inspection completed. No corrosion found.",0
"Worker reported a torn safety net. Replaced immediately.",0
"Safety walkthrough with management completed. No observations.",0
"Worker completed incident investigation training.",0
"Routine pump vibration monitoring completed. All within limits.",0
"Worker reported a blocked drain. Unblocked immediately.",0
"Safety system function test completed. All systems operational.",0
"Worker completed fire extinguisher training. Practical passed.",0
"Routine cooling tower inspection completed. No issues.",0
"Worker reported a damaged extension cord. Removed from service.",0
"Safety committee action items reviewed. 100% completion.",0
"Worker completed working at height refresher training.",0
"Routine valve inspection completed. All valves functioning.",0
"Worker reported a missing guard. Guard replaced within 2 hours.",0
"Safety management system audit passed. No non-conformances.",0
"Worker completed PPE training. All topics covered.",0
"Routine motor temperature check completed. All normal.",0
"Worker reported a damaged sign. Sign replaced next day.",0
"Safety pre-task planning completed. All hazards addressed.",0
"Worker completed manual handling training. Certificate issued.",0
"Routine filter replacement completed. Done on schedule.",0
"Worker reported a sticky door. Lubricated immediately.",0
"Safety meeting minutes documented and distributed.",0
"Worker completed hazardous waste handling training.",0
"Routine belt alignment check completed. All aligned.",0
"Worker reported a loose bolt. Tightened immediately.",0
"Safety inspection of lifting equipment completed. All certified.",0
"Worker completed defensive driving training.",0
"Routine lubrication service completed. Schedule maintained.",0
"Worker reported a broken lock. Replaced within 2 hours.",0
"Safety committee annual review completed. Goals achieved.",0
"Worker completed environmental awareness training.",0
"Routine bearing temperature check completed. All normal.",0
"Worker reported a damaged hose. Removed from service.",0
"Safety campaign materials distributed. Worker engagement good.",0
"Worker completed crisis management training.",0
"Routine shaft alignment check completed. All within spec.",0
"Worker reported a missing fire blanket. Replaced immediately.",0
"Safety performance report submitted. All KPIs met.",0
"Worker completed supervisor safety training.",0
"Routine oil analysis completed. Results satisfactory.",0
"Worker reported a broken handle. Replaced immediately.",0
"Safety suggestion box reviewed. Suggestions implemented.",0
"Worker completed behavior-based safety training.",0
"Routine seal inspection completed. No leaks found.",0
"Worker reported a cracked mirror. Replaced next day.",0
"Safety orientation completed for new contractor. All topics covered.",0
"Worker completed personal protective equipment training.",0
"Routine pressure test completed. Results passed.",0
"Worker reported a missing label. Replaced immediately.",0
"Safety committee meeting minutes published.",0
"Worker completed workplace violence prevention training.",0
"Routine valve calibration completed. All accurate.",0
"Worker reported a broken zipper on coverall. Replaced immediately.",0
"Safety hazard communication program reviewed. Effective.",0
"Worker completed fall protection equipment inspection training.",0
"Routine filter change completed. Done on schedule.",0
"Worker reported a burned out exit sign bulb. Replaced immediately.",0
"Safety training matrix updated. All current.",0
"Worker completed heat stress awareness training.",0
"Routine pump seal check completed. No leaks.",0
"Worker reported a cracked window pane. Replaced within 24 hours.",0
"Safety toolbox talk conducted. Attendance recorded.",0
"Worker completed defensive driving refresher course.",0
"Routine bolt torque check completed. All within spec.",0
"Worker reported a broken latch. Replaced immediately.",0
"Safety equipment maintenance log updated. All current.",0
"Worker completed electrical panel safety training.",0
"Routine belt wear check completed. Belts in good condition.",0
"Worker reported a missing bolt. Replaced immediately.",0
"Safety incident report filed correctly. No issues.",0
"Worker completed H2S safety awareness training.",0
"Routine coupling inspection completed. No wear.",0
"Worker reported a damaged cable. Removed from service.",0
"Safety drill debrief conducted. Lessons learned documented.",0
"Worker completed confined space rescue training.",0
"Routine alignment check completed. All within limits.",0
"Worker reported a cracked guard. Replaced within 2 hours.",0
"Safety newsletter published. Distributed to all staff.",0
"Worker completed lockout/tagout advanced training.",0
"Routine lubricant analysis completed. Results normal.",0
"Worker reported a missing key. Replaced immediately.",0
"Safety committee charter updated. Reviewed and approved.",0
"Worker completed chemical spill response training.",0
"Routine drive belt inspection completed. No issues.",0
"Worker reported a broken clamp. Replaced immediately.",0
"Safety calendar of events distributed. All planned.",0
"Worker completed hearing protection fit testing.",0
"Routine fan blade inspection completed. All clear.",0
"Worker reported a cracked housing. Repaired next shift.",0
"Safety management review conducted. Objectives met.",0
"Worker completed forklift safety refresher training.",0
"Routine chain tension check completed. All within spec.",0
"Worker reported a worn sling. Removed from service.",0
"Safety performance dashboard updated. Data current.",0
"Worker completed welding safety training.",0
"Routine coupling alignment check completed. Good.",0
"Worker reported a broken spring. Replaced within 2 hours.",0
"Safety audit schedule published. Compliance tracking.",0
"Worker completed crane hand signal training.",0
"Routine shaft runout check completed. Within limits.",0
"Worker reported a damaged lever. Replaced immediately.",0
"Safety suggestion implemented. Feedback provided.",0
"Worker completed abrasive wheel safety training.",0
"Routine gearbox oil check completed. Level normal.",0
"Worker reported a broken knob. Replaced immediately.",0
"Safety induction for visitors completed. All signed off.",0
"Worker completed elevated work platform training.",0
"Routine brake inspection completed. All functional.",0
"Worker reported a torn seat belt. Replaced immediately.",0
"Safety campaign results reviewed. Goals achieved.",0
"Worker completed electrical isolation training.",0
"Routine clutch inspection completed. No issues.",0
"Worker reported a damaged spring. Replaced within 2 hours.",0
"Safety committee charter reviewed. Updated.",0
"Worker completed pressure vessel safety training.",0
"Routine hose inspection completed. All good.",0
"Worker reported a missing cotter pin. Replaced immediately.",0
"Safety induction for new employee completed. All forms signed.",0
"Worker completed radiation safety awareness training.",0
"Routine nozzle check completed. Clear.",0
"Worker reported a cracked fitting. Replaced immediately.",0
"Safety observation report submitted. No unsafe acts.",0
"Worker completed scaffolding safety training.",0
"Routine drum inspection completed. No issues.",0
"Worker reported a worn bearing. Replaced during next maintenance.",0
"Safety committee meeting minutes approved.",0
"Worker completed fire warden training.",0
"Routine tank level check completed. Normal.",0
"Worker reported a loose screw. Tightened immediately.",0
"Safety performance review conducted. On track.",0
"Worker completed contractor safety orientation.",0
"Routine vibration analysis completed. All good.",0
"Worker reported a broken bracket. Replaced within 2 hours.",0
"Safety hazard register updated. All current.",0
"Worker completed first aid refresher training.",0
"Routine pressure relief valve check completed. All good.",0
"Worker reported a damaged o-ring. Replaced immediately.",0
"Safety meeting with union representatives completed. No issues.",0
"Worker completed environmental spill response training.",0
"Routine temperature reading recorded. Normal.",0
"Worker reported a worn bushing. Replaced during next maintenance.",0
"Safety suggestion box emptied. Suggestions reviewed.",0
"Worker completed hand tool safety training.",0
"Routine flow meter check completed. Accurate.",0
"Worker reported a broken washer. Replaced immediately.",0
"Safety training attendance report completed. All current.",0
"Worker completed overhead crane safety training.",0
"Routine pressure gauge calibration completed. All good.",0
"Worker reported a damaged nut. Replaced immediately.",0
"Safety committee annual report submitted. Approved.",0
"Worker completed excavator safety training.",0
"Routine level sensor check completed. Accurate.",0
"Worker reported a broken shim. Replaced immediately.",0
"Safety performance improvement plan reviewed. Progress good.",0
"Worker completed hoist safety training.",0
"Routine flow switch test completed. Functional.",0
"Worker reported a damaged washer. Replaced immediately.",0
"Safety awareness week activities completed. Participation high.",0
"Worker completed rigging safety training.",0
"Routine pressure sensor check completed. All good.",0
"Worker reported a worn pin. Replaced during next maintenance.",0
"Safety audit findings closed out. Verification completed.",0
"Worker completed sling safety inspection training.",0
"Routine temperature sensor check completed. Accurate.",0
"Worker reported a broken clamp. Replaced immediately.",0
"Safety campaign materials distributed. Awareness increased.",0
"Worker completed compressed gas safety training.",0
"Routine level indicator check completed. Functional.",0
"Worker reported a damaged clip. Replaced immediately.",0
"Safety committee charter ratified. Approved.",0
"Worker completed gas detection training.",0
"Routine flow rate check completed. Normal.",0
"Worker reported a worn sleeve. Replaced during next maintenance.",0
"Safety observation program reviewed. Effective.",0
"Worker completed barricade safety training.",0
"Routine check valve test completed. Functional.",0
"Worker reported a broken pin. Replaced immediately.",0
"Safety training effectiveness survey completed. Results positive.",0
"Worker completed permit to work training.",0
"Routine relief valve test completed. All good.",0
"Worker reported a damaged cotter. Replaced immediately.",0
"Safety committee member training completed.",0
"Worker completed hot work safety training.",0
"Routine filter change completed. Schedule maintained.",0
"Worker reported a worn key. Replaced during next maintenance.",0
"Safety improvement suggestion implemented. Feedback provided.",0